station_complex,station_complex_id,borough,latitude,longitude,geometry,avg_annual_ridership,log_avg_ridership
1 Av (L),119.0,Manhattan,40.730953,-73.98163,POINT (-73.98163 40.730953),18401.758526850506,9.820255852297734
103 St (1),309.0,Manhattan,40.799446,-73.968376,POINT (-73.968376 40.799446),8875.611211901307,9.09117514286928
103 St (6),395.0,Manhattan,40.7906,-73.94748,POINT (-73.94748 40.7906),8480.911889211417,9.045691162007392
"103 St (C,B)",156.0,Manhattan,40.796093,-73.96146,POINT (-73.96146 40.796093),3277.3410135462022,8.095092784871024
103 St-Corona Plaza (7),450.0,Queens,40.749866,-73.8627,POINT (-73.8627 40.749866),19936.477564102563,9.900356534215097
104 St (A),193.0,Queens,40.68171,-73.837685,POINT (-73.837685 40.68171),1269.1048016448958,7.146854697028201
"104 St (J,Z)",82.0,Queens,40.69518,-73.84433,POINT (-73.84433 40.69518),2115.426282051282,7.6574842292345195
110 St (6),394.0,Manhattan,40.79502,-73.94425,POINT (-73.94425 40.79502),6732.242501209483,8.814812104710812
111 St (7),449.0,Queens,40.75173,-73.85533,POINT (-73.85533 40.75173),6383.826257861635,8.761679557111549
111 St (A),194.0,Queens,40.68433,-73.83216,POINT (-73.83216 40.68433),1633.0129414610547,7.398794195499389
111 St (J),81.0,Queens,40.69742,-73.83634,POINT (-73.83634 40.69742),1650.770924044509,7.409603278633306
"116 St (2,3)",440.0,Manhattan,40.802097,-73.94962,POINT (-73.94962 40.802097),6178.9101354620225,8.729059009158638
116 St (6),393.0,Manhattan,40.79863,-73.94162,POINT (-73.94162 40.79863),8893.895440251572,9.093232845140635
"116 St (C,B)",154.0,Manhattan,40.805084,-73.95488,POINT (-73.95488 40.805084),4606.427128688922,8.435424873616178
116 St-Columbia University (1),307.0,Manhattan,40.80772,-73.96411,POINT (-73.96411 40.80772),11143.203797774553,9.318674802960636
"121 St (J,Z)",80.0,Queens,40.700493,-73.82829,POINT (-73.82829 40.700493),1662.9179970972425,7.4169303395762265
125 St (1),306.0,Manhattan,40.815582,-73.958374,POINT (-73.958374 40.815582),6426.772012578616,8.768383258365711
"125 St (2,3)",439.0,Manhattan,40.807755,-73.945496,POINT (-73.945496 40.807755),8855.033986453798,9.08885431205656
"125 St (4,5,6)",392.0,Manhattan,40.80414,-73.93759,POINT (-73.93759 40.80414),16700.455007256896,9.723251120792629
"125 St (A,C,B,D)",153.0,Manhattan,40.811108,-73.95235,POINT (-73.95235 40.811108),18301.690916787615,9.814803372652714
"135 St (2,3)",438.0,Manhattan,40.814228,-73.94077,POINT (-73.94077 40.814228),7199.292392356072,8.881876914229036
"135 St (C,B)",152.0,Manhattan,40.817894,-73.94765,POINT (-73.94765 40.817894),3785.7800556361876,8.239271347428831
137 St-City College (1),305.0,Manhattan,40.822006,-73.953674,POINT (-73.953674 40.822006),8579.733551040154,9.057274684286705
"138 St-Grand Concourse (4,5)",391.0,Bronx,40.813225,-73.92985,POINT (-73.92985 40.813225),2618.438921141751,7.870715421585305
"14 St (A,C,E)/8 Av (L)",618.0,Manhattan,40.740894,-74.00169,POINT (-74.00169 40.740894),34899.89785921626,10.460267834484702
"14 St (F,M,1,2,3)/6 Av (L)",601.0,Manhattan,40.738228,-73.99621,POINT (-73.99621 40.738228),34413.02068214804,10.44621933829357
"14 St-Union Sq (L,N,Q,R,W,4,5,6)",602.0,Manhattan,40.735737,-73.98995,POINT (-73.98995 40.735737),69318.73494194484,11.146484920134188
145 St (1),304.0,Manhattan,40.82655,-73.95036,POINT (-73.95036 40.82655),6410.277757619739,8.76581386821171
145 St (3),437.0,Manhattan,40.82042,-73.93625,POINT (-73.93625 40.82042),2004.1057692307695,7.603452091082844
"145 St (A,C,B,D)",151.0,Manhattan,40.824783,-73.944214,POINT (-73.944214 40.824783),15651.16823899371,9.658364731994341
"149 St-Grand Concourse (2,4,5)",603.0,Bronx,40.818375,-73.92735,POINT (-73.92735 40.818375),6980.165517658443,8.850971161424102
"15 St-Prospect Park (F,G)",241.0,Brooklyn,40.660366,-73.97949,POINT (-73.97949 40.660366),4473.498971940009,8.40614966286314
"155 St (B,D)",220.0,Manhattan,40.830135,-73.93821,POINT (-73.93821 40.830135),1884.6041969037253,7.542003577385103
155 St (C),150.0,Manhattan,40.830517,-73.94151,POINT (-73.94151 40.830517),1697.6227624576682,7.437573061972986
157 St (1),303.0,Manhattan,40.83404,-73.94489,POINT (-73.94489 40.83404),7076.841618287373,8.864724284035576
"161 St-Yankee Stadium (B,D,4)",604.0,Bronx,40.827904,-73.92565,POINT (-73.92565 40.827904),17504.65299951621,9.770279136292901
163 St-Amsterdam Av (C),149.0,Manhattan,40.836014,-73.939896,POINT (-73.939896 40.836014),2679.9871794871797,7.89394035623541
167 St (4),388.0,Bronx,40.835537,-73.9214,POINT (-73.9214 40.835537),5606.061139332366,8.631782000172011
"167 St (B,D)",218.0,Bronx,40.83377,-73.91844,POINT (-73.91844 40.83377),4899.177491533624,8.497026706204654
"168 St (A,C,1)",605.0,Manhattan,40.840717,-73.93956,POINT (-73.93956 40.840717),17334.493952588295,9.760511352238014
169 St (F),255.0,Queens,40.71047,-73.7936,POINT (-73.7936 40.71047),5545.630382196419,8.620945884014375
170 St (4),387.0,Bronx,40.840076,-73.91779,POINT (-73.91779 40.840076),4496.430575713594,8.411261529510684
"170 St (B,D)",217.0,Bronx,40.839306,-73.9134,POINT (-73.9134 40.839306),3495.9971577164974,8.159659924285378
"174 St (2,5)",428.0,Bronx,40.837288,-73.88773,POINT (-73.88773 40.837288),3595.812651185293,8.187803357597797
"174-175 Sts (B,D)",216.0,Bronx,40.8459,-73.91013,POINT (-73.91013 40.8459),2735.793601838413,7.9145422958348846
175 St (A),147.0,Manhattan,40.84739,-73.939705,POINT (-73.939705 40.84739),7329.712324625061,8.899827969507665
176 St (4),385.0,Bronx,40.84848,-73.9118,POINT (-73.9118 40.84848),3295.020863570392,8.100471220976074
18 Av (D),66.0,Brooklyn,40.607952,-74.00174,POINT (-74.00174 40.607952),4355.38286163522,8.37939737312787
18 Av (F),245.0,Brooklyn,40.629753,-73.976974,POINT (-73.976974 40.629753),2542.0067126269955,7.841102405067474
18 Av (N),74.0,Brooklyn,40.62067,-73.99042,POINT (-73.99042 40.62067),3661.1168359941944,8.20579662969388
18 St (1),321.0,Manhattan,40.74104,-73.99787,POINT (-73.99787 40.74104),5874.625665215288,8.678567829548898
181 St (1),301.0,Manhattan,40.849506,-73.93359,POINT (-73.93359 40.849506),7394.815735365264,8.90866967810326
181 St (A),146.0,Manhattan,40.851696,-73.937965,POINT (-73.937965 40.851696),6179.133950169327,8.729095225001522
"182-183 Sts (B,D)",214.0,Bronx,40.856094,-73.90074,POINT (-73.90074 40.856094),2871.28537735849,7.962863290607221
183 St (4),383.0,Bronx,40.858406,-73.90388,POINT (-73.90388 40.858406),3475.4938316400585,8.153779545235775
190 St (A),145.0,Manhattan,40.85902,-73.93418,POINT (-73.93418 40.85902),3165.123306724722,8.06026318684764
191 St (1),300.0,Manhattan,40.855225,-73.92941,POINT (-73.92941 40.855225),5273.958454281566,8.570726082347672
2 Av (F),232.0,Manhattan,40.7234,-73.98994,POINT (-73.98994 40.7234),11960.827467343977,9.389475814105063
20 Av (D),67.0,Brooklyn,40.604557,-73.99817,POINT (-73.99817 40.604557),3597.5467464925014,8.188285361413017
20 Av (N),75.0,Brooklyn,40.61741,-73.98502,POINT (-73.98502 40.61741),3157.792513304306,8.057945117513079
207 St (1),298.0,Manhattan,40.86462,-73.91882,POINT (-73.91882 40.86462),4202.989296081277,8.343789185866406
21 St (G),282.0,Queens,40.744064,-73.94972,POINT (-73.94972 40.744064),1319.0858471593765,7.185452049192485
21 St-Queensbridge (F),221.0,Queens,40.754204,-73.94283,POINT (-73.94283 40.754204),5337.41370343493,8.582683828541544
215 St (1),297.0,Manhattan,40.869446,-73.915276,POINT (-73.915276 40.869446),1625.4788340590228,7.394172732646455
"219 St (2,5)",420.0,Bronx,40.883896,-73.86263,POINT (-73.86263 40.883896),1536.9461175616839,7.338203115356747
"225 St (2,5)",419.0,Bronx,40.888023,-73.860344,POINT (-73.860344 40.888023),1906.389634736333,7.5534909028930395
23 St (1),320.0,Manhattan,40.74408,-73.99566,POINT (-73.99566 40.74408),9883.771649733913,9.198750634653413
23 St (6),405.0,Manhattan,40.739864,-73.9866,POINT (-73.9866 40.739864),19494.021407837445,9.87791439953548
"23 St (C,E)",165.0,Manhattan,40.745907,-73.99804,POINT (-73.99804 40.745907),15445.033018867925,9.645107486823928
"23 St (F,M)",228.0,Manhattan,40.742878,-73.99282,POINT (-73.99282 40.742878),19612.75580551524,9.883986425865343
"23 St (R,W)",14.0,Manhattan,40.741302,-73.98934,POINT (-73.98934 40.741302),14091.696057087567,9.553411932017024
231 St (1),295.0,Bronx,40.878857,-73.90483,POINT (-73.90483 40.878857),6068.4366231253025,8.711021066422447
"233 St (2,5)",418.0,Bronx,40.893192,-73.857475,POINT (-73.857475 40.893192),2606.342162554427,7.866086652944771
238 St (1),294.0,Bronx,40.884666,-73.90087,POINT (-73.90087 40.884666),3132.3815312046445,8.049868061771035
25 Av (D),69.0,Brooklyn,40.597706,-73.98683,POINT (-73.98683 40.597706),3088.780720851475,8.035855403247982
25 St (R),31.0,Brooklyn,40.660397,-73.99809,POINT (-73.99809 40.660397),2667.4418238993712,7.889249994486839
28 St (1),319.0,Manhattan,40.747215,-73.99336,POINT (-73.99336 40.747215),9979.296927914853,9.208368121158996
28 St (6),404.0,Manhattan,40.74307,-73.98426,POINT (-73.98426 40.74307),15169.644412191581,9.627117550820156
"28 St (R,W)",13.0,Manhattan,40.745495,-73.98869,POINT (-73.98869 40.745495),8778.589683115626,9.080184952406796
3 Av (L),118.0,Manhattan,40.73285,-73.98612,POINT (-73.98612 40.73285),4807.916182873731,8.478227011904256
3 Av-138 St (6),377.0,Bronx,40.810474,-73.92614,POINT (-73.92614 40.810474),5542.413582486695,8.620365760110415
"3 Av-149 St (2,5)",434.0,Bronx,40.81611,-73.917755,POINT (-73.917755 40.81611),11628.1887397194,9.361273487251577
"30 Av (N,W)",3.0,Queens,40.76678,-73.92148,POINT (-73.92148 40.76678),10034.600024189647,9.213894052585864
33 St (6),403.0,Manhattan,40.746082,-73.98208,POINT (-73.98208 40.746082),19920.539550072568,9.89955681480236
33 St-Rawson St (7),460.0,Queens,40.744587,-73.931,POINT (-73.931 40.744587),6482.170174165458,8.776964894123326
"34 St-Herald Sq (B,D,F,M,N,Q,R,W)",607.0,Manhattan,40.749718,-73.98782,POINT (-73.98782 40.749718),77124.20379777456,11.253185403638875
34 St-Hudson Yards (7),471.0,Manhattan,40.755882,-74.00191,POINT (-74.00191 40.755882),19714.353713110788,9.889152987470125
"34 St-Penn Station (1,2,3)",318.0,Manhattan,40.750374,-73.99106,POINT (-73.99106 40.750374),52349.35915578132,10.865714076939549
"34 St-Penn Station (A,C,E)",164.0,Manhattan,40.75229,-73.99339,POINT (-73.99339 40.75229),57809.255865989355,10.964921476048207
"36 Av (N,W)",5.0,Queens,40.756805,-73.92957,POINT (-73.92957 40.756805),4828.133103531689,8.482422248867397
"36 St (D,N,R)",32.0,Brooklyn,40.655144,-74.00355,POINT (-74.00355 40.655144),11194.843492985003,9.323297871704574
"36 St (M,R)",272.0,Queens,40.75204,-73.92878,POINT (-73.92878 40.75204),2685.9790759554908,7.896172821445421
"39 Av-Dutch Kills (N,W)",6.0,Queens,40.75288,-73.932755,POINT (-73.932755 40.75288),2725.287977745525,7.91069624781607
"4 Av (F,G)/9 St (R)",608.0,Brooklyn,40.670273,-73.98978,POINT (-73.98978 40.670273),9184.428942912433,9.12537369693032
40 St-Lowery St (7),459.0,Queens,40.743782,-73.92402,POINT (-73.92402 40.743782),7224.420295113691,8.885360683622764
45 St (R),33.0,Brooklyn,40.648937,-74.01001,POINT (-74.01001 40.648937),5699.981011127237,8.6483935462292
"46 St (M,R)",270.0,Queens,40.756313,-73.91333,POINT (-73.91333 40.756313),5350.221758587325,8.585080179909575
46 St-Bliss St (7),458.0,Queens,40.743134,-73.918434,POINT (-73.918434 40.743134),9244.585449927432,9.13190146793059
"47-50 Sts-Rockefeller Ctr (B,D,F,M)",225.0,Manhattan,40.758663,-73.98133,POINT (-73.98133 40.758663),42784.10201983551,10.66394523732601
"49 St (N,R,W)",10.0,Manhattan,40.7599,-73.98414,POINT (-73.98414 40.7599),18561.21171988389,9.828883165182514
"5 Av/53 St (E,M)",276.0,Manhattan,40.760166,-73.97523,POINT (-73.97523 40.760166),17243.084059022738,9.755224410537512
"5 Av/59 St (N,R,W)",8.0,Manhattan,40.764812,-73.97335,POINT (-73.97335 40.764812),11365.11157474601,9.338391538344695
50 St (1),316.0,Manhattan,40.761726,-73.98385,POINT (-73.98385 40.761726),18476.304184808905,9.824298457109121
"50 St (C,E)",162.0,Manhattan,40.762455,-73.985985,POINT (-73.985985 40.762455),15805.847484276728,9.668198510211674
50 St (D),61.0,Brooklyn,40.63626,-73.99479,POINT (-73.99479 40.63626),2538.286768263183,7.839638520684525
52 St (7),457.0,Queens,40.74415,-73.91255,POINT (-73.91255 40.74415),4700.23717948718,8.45558098273742
53 St (R),34.0,Brooklyn,40.64507,-74.01403,POINT (-74.01403 40.64507),6286.876028059991,8.746378618275372
55 St (D),62.0,Brooklyn,40.631435,-73.995476,POINT (-73.995476 40.631435),1395.5308417997098,7.24174647021097
57 St (F),224.0,Manhattan,40.763973,-73.97745,POINT (-73.97745 40.763973),9096.78205128205,9.115785932169459
"57 St-7 Av (N,Q,R,W)",9.0,Manhattan,40.764664,-73.98066,POINT (-73.98066 40.764664),25519.28864296081,10.14722904785561
"59 St (N,R)",35.0,Brooklyn,40.64136,-74.01788,POINT (-74.01788 40.64136),9194.564223512336,9.126476497147404
"59 St-Columbus Circle (A,B,C,D,1)",614.0,Manhattan,40.768295,-73.981735,POINT (-73.981735 40.768295),52441.69297290759,10.867476289970757
61 St-Woodside (7),456.0,Queens,40.74563,-73.902985,POINT (-73.902985 40.74563),12963.56271165941,9.469974969032135
"63 Dr-Rego Park (M,R)",263.0,Queens,40.729847,-73.8616,POINT (-73.8616 40.729847),10059.19805273343,9.216342130610382
"65 St (M,R)",268.0,Queens,40.74967,-73.89845,POINT (-73.89845 40.74967),2402.650520077407,7.784743910743384
66 St-Lincoln Center (1),314.0,Manhattan,40.77344,-73.98221,POINT (-73.98221 40.77344),15573.27896710208,9.653376048336984
"67 Av (M,R)",262.0,Queens,40.726524,-73.85272,POINT (-73.85272 40.726524),5792.080188679245,8.664419413341445
68 St-Hunter College (6),399.0,Manhattan,40.768143,-73.96387,POINT (-73.96387 40.768143),18873.963231736816,9.845591626127876
69 St (7),455.0,Queens,40.746326,-73.8964,POINT (-73.8964 40.746326),4392.923863086598,8.387977925322106
"7 Av (B,Q)",41.0,Brooklyn,40.67705,-73.97237,POINT (-73.97237 40.67705),7446.33466376391,8.915611484107899
"7 Av (E,B,D)",277.0,Manhattan,40.762863,-73.981636,POINT (-73.981636 40.762863),13685.499939525884,9.524165220110637
"7 Av (F,G)",240.0,Brooklyn,40.66627,-73.98031,POINT (-73.98031 40.66627),8977.216315916787,9.102556513049928
71 St (D),64.0,Brooklyn,40.61959,-73.99886,POINT (-73.99886 40.61959),3459.8544388001937,8.149270785195336
"72 St (1,2,3)",313.0,Manhattan,40.778454,-73.98197,POINT (-73.98197 40.778454),28415.362239961298,10.254720393457031
"72 St (C,B)",160.0,Manhattan,40.775593,-73.97641,POINT (-73.97641 40.775593),7349.744799225931,8.902556920301036
72 St (Q),477.0,Manhattan,40.7688,-73.95843,POINT (-73.95843 40.7688),22792.058357522983,10.034211310582407
"74-Broadway (7)/Jackson Hts-Roosevelt Av (E,F,M,R)",616.0,Queens,40.74685,-73.891335,POINT (-73.891335 40.74685),44612.17767295598,10.705784557886599
"75 Av (E,F)",260.0,Queens,40.71833,-73.837326,POINT (-73.837326 40.71833),2400.909712143203,7.784019413316974
"75 St-Elderts Ln (J,Z)",85.0,Queens,40.691322,-73.86714,POINT (-73.86714 40.691322),1501.9798016448958,7.31520495096999
77 St (6),398.0,Manhattan,40.77362,-73.95988,POINT (-73.95988 40.77362),21158.286405418483,9.959834161652088
77 St (R),37.0,Brooklyn,40.62974,-74.02551,POINT (-74.02551 40.62974),4022.6075834542817,8.29993418800199
79 St (1),312.0,Manhattan,40.783936,-73.97992,POINT (-73.97992 40.783936),10515.429789550071,9.260694055074529
79 St (D),65.0,Brooklyn,40.613503,-74.00061,POINT (-74.00061 40.613503),4432.119436381228,8.396858776944985
8 Av (N),71.0,Brooklyn,40.635063,-74.01172,POINT (-74.01172 40.635063),8028.686139332365,8.990900720166016
"8 St-NYU (R,W)",16.0,Manhattan,40.730328,-73.99263,POINT (-73.99263 40.730328),11818.376390904694,9.377495530761585
80 St (A),190.0,Queens,40.67937,-73.85899,POINT (-73.85899 40.67937),3027.7876149008225,8.01591769133577
"81 St-Museum of Natural History (C,B)",159.0,Manhattan,40.781433,-73.972145,POINT (-73.972145 40.781433),10126.187772133526,9.222978944893729
82 St-Jackson Hts (7),453.0,Queens,40.747658,-73.8837,POINT (-73.8837 40.747658),7726.683478471214,8.952564417298802
85 St-Forest Pkwy (J),84.0,Queens,40.692436,-73.86001,POINT (-73.86001 40.692436),2705.1378809869375,7.903277761234161
86 St (1),311.0,Manhattan,40.788643,-73.97622,POINT (-73.97622 40.788643),12503.785861151428,9.433866718906915
"86 St (4,5,6)",397.0,Manhattan,40.77949,-73.95559,POINT (-73.95559 40.77949),33786.99383164005,10.4278608062867
"86 St (C,B)",158.0,Manhattan,40.78587,-73.96892,POINT (-73.96892 40.78587),8421.418722786648,9.038652325223657
86 St (N),79.0,Brooklyn,40.59272,-73.97823,POINT (-73.97823 40.59272),1794.3056966618287,7.492930590969186
86 St (Q),476.0,Manhattan,40.77789,-73.95179,POINT (-73.95179 40.77789),17675.33375665215,9.779981947982991
86 St (R),38.0,Brooklyn,40.62269,-74.0284,POINT (-74.0284 40.62269),8620.412131107885,9.062004170554797
88 St (A),191.0,Queens,40.679844,-73.85147,POINT (-73.85147 40.679844),1987.1718069666183,7.594970805497754
9 Av (D),59.0,Brooklyn,40.646294,-73.99432,POINT (-73.99432 40.646294),3987.3794146105465,8.29114026562614
90 St-Elmhurst Av (7),452.0,Queens,40.74841,-73.87661,POINT (-73.87661 40.74841),14200.025701499757,9.561069473480693
"96 St (1,2,3)",310.0,Manhattan,40.79392,-73.97232,POINT (-73.97232 40.79392),25178.07764876633,10.133768676616326
96 St (6),396.0,Manhattan,40.78567,-73.95107,POINT (-73.95107 40.78567),13185.80648282535,9.486972099855505
"96 St (C,B)",157.0,Manhattan,40.79164,-73.9647,POINT (-73.9647 40.79164),7289.854741170779,8.894376066575566
96 St (Q),475.0,Manhattan,40.784317,-73.94715,POINT (-73.94715 40.784317),12813.538763909048,9.45833564625884
Alabama Av (J),91.0,Brooklyn,40.67699,-73.89865,POINT (-73.89865 40.67699),1300.86671504596,7.171554448132066
"Allerton Av (2,5)",423.0,Bronx,40.865463,-73.867355,POINT (-73.867355 40.865463),2771.940977261732,7.927663760593629
Aqueduct Racetrack (A),196.0,Queens,40.672096,-73.83592,POINT (-73.83592 40.672096),520.4632317368166,6.256638767136102
Aqueduct-N Conduit Av (A),197.0,Queens,40.668236,-73.83406,POINT (-73.83406 40.668236),599.2941461054669,6.397419778595169
Astor Pl (6),407.0,Manhattan,40.730053,-73.99107,POINT (-73.99107 40.730053),11858.10988147073,9.38085161758261
"Astoria Blvd (N,W)",2.0,Queens,40.77026,-73.91785,POINT (-73.91785 40.77026),7942.654450895017,8.98012870665394
"Astoria-Ditmars Blvd (N,W)",1.0,Queens,40.775036,-73.91203,POINT (-73.91203 40.775036),11006.62191582003,9.306343213273323
Atlantic Av (L),133.0,Brooklyn,40.675346,-73.9031,POINT (-73.9031 40.675346),1310.704281567489,7.179082548952
"Atlantic Av-Barclays Ctr (B,D,N,Q,R,2,3,4,5)",617.0,Brooklyn,40.68446,-73.97689,POINT (-73.97689 40.68446),31195.546686018384,10.348062684531307
Avenue H (Q),48.0,Brooklyn,40.62927,-73.96164,POINT (-73.96164 40.62927),2296.4204160619256,7.739542214266197
Avenue I (F),246.0,Brooklyn,40.62532,-73.97613,POINT (-73.97613 40.62532),1316.7161949685533,7.183655361806221
Avenue J (Q),49.0,Brooklyn,40.62504,-73.9608,POINT (-73.9608 40.62504),3910.3009192065792,8.271625313551358
Avenue M (Q),50.0,Brooklyn,40.61762,-73.9594,POINT (-73.9594 40.61762),4057.600931301403,8.308593595006549
Avenue N (F),248.0,Brooklyn,40.61514,-73.9742,POINT (-73.9742 40.61514),2090.6926100628934,7.6457288784722754
Avenue P (F),249.0,Brooklyn,40.608944,-73.97302,POINT (-73.97302 40.608944),1863.3101112723753,7.530646350116154
Avenue U (F),251.0,Brooklyn,40.59606,-73.97336,POINT (-73.97336 40.59606),1398.0703918722788,7.2435632892483435
Avenue U (N),78.0,Brooklyn,40.597473,-73.97913,POINT (-73.97913 40.597473),2787.658502660861,7.9333159357637175
Avenue U (Q),52.0,Brooklyn,40.5993,-73.95593,POINT (-73.95593 40.5993),5073.417271407838,8.531966973949366
Avenue X (F),252.0,Brooklyn,40.58962,-73.97425,POINT (-73.97425 40.58962),1847.546444121916,7.522154903363684
Bay 50 St (D),70.0,Brooklyn,40.58884,-73.983765,POINT (-73.983765 40.58884),1906.8326681180454,7.553723148014574
Bay Pkwy (D),68.0,Brooklyn,40.601875,-73.99373,POINT (-73.99373 40.601875),5435.6470730527335,8.60091780296487
Bay Pkwy (F),247.0,Brooklyn,40.62077,-73.975266,POINT (-73.975266 40.62077),949.877298016449,6.857385030053284
Bay Pkwy (N),76.0,Brooklyn,40.611816,-73.98185,POINT (-73.98185 40.611816),5045.586115142719,8.526467276863592
Bay Ridge Av (R),36.0,Brooklyn,40.634968,-74.02338,POINT (-74.02338 40.634968),5780.6608611514275,8.662446266610376
Bay Ridge-95 St (R),39.0,Brooklyn,40.616623,-74.030876,POINT (-74.030876 40.616623),4079.7830188679245,8.31404416537381
Baychester Av (5),443.0,Bronx,40.878662,-73.83859,POINT (-73.83859 40.878662),1888.2839864537978,7.543953193128355
"Beach 105 St (A,S)",202.0,Queens,40.58321,-73.82756,POINT (-73.82756 40.58321),194.15620464441218,5.27380028735339
Beach 25 St (A),208.0,Queens,40.600067,-73.76135,POINT (-73.76135 40.600067),1080.7604015481375,6.986344994541213
Beach 36 St (A),207.0,Queens,40.595398,-73.76817,POINT (-73.76817 40.595398),562.6016569908079,6.334347720032283
Beach 44 St (A),206.0,Queens,40.59294,-73.77602,POINT (-73.77602 40.59294),499.93444605708754,6.216475246330317
Beach 60 St (A),205.0,Queens,40.592373,-73.78852,POINT (-73.78852 40.592373),1155.2253265602321,7.052915949407801
Beach 67 St (A),204.0,Queens,40.590927,-73.79692,POINT (-73.79692 40.590927),1529.5305999032414,7.333369751588569
"Beach 90 St (A,S)",200.0,Queens,40.588036,-73.813644,POINT (-73.813644 40.588036),494.7743105950653,6.2061208042108245
"Beach 98 St (A,S)",201.0,Queens,40.585308,-73.82056,POINT (-73.82056 40.585308),308.28640541848085,5.734267725988187
Bedford Av (L),120.0,Brooklyn,40.717304,-73.95687,POINT (-73.95687 40.717304),24743.203979196904,10.116346557913085
"Bedford Park Blvd (B,D)",211.0,Bronx,40.873245,-73.88714,POINT (-73.88714 40.873245),4265.993529269473,8.358664766727856
Bedford Park Blvd-Lehman College (4),380.0,Bronx,40.873413,-73.89006,POINT (-73.89006 40.873413),3683.697992259313,8.211943845297242
Bedford-Nostrand Avs (G),289.0,Brooklyn,40.68963,-73.95352,POINT (-73.95352 40.68963),6261.654027576198,8.742359340312412
"Bergen St (2,3)",339.0,Brooklyn,40.68083,-73.9751,POINT (-73.9751 40.68083),3323.8146468311566,8.10916920622219
"Bergen St (F,G)",236.0,Brooklyn,40.686146,-73.99086,POINT (-73.99086 40.686146),8518.586175616838,9.050123047706764
Beverley Rd (Q),45.0,Brooklyn,40.64403,-73.96449,POINT (-73.96449 40.64403),2752.4054789550073,7.920593780513914
"Beverly Rd (2,5)",357.0,Brooklyn,40.6451,-73.94896,POINT (-73.94896 40.6451),3159.6757982583454,8.05854114392446
"Bowery (J,Z)",103.0,Manhattan,40.72028,-73.99391,POINT (-73.99391 40.72028),2452.7697750362845,7.805380804666209
"Bowling Green (4,5)",414.0,Manhattan,40.70482,-74.01407,POINT (-74.01407 40.70482),17565.863328495405,9.773769640969196
"Briarwood (E,F)",258.0,Queens,40.70918,-73.82057,POINT (-73.82057 40.70918),3622.088292210934,8.195082060515588
"Brighton Beach (B,Q)",55.0,Brooklyn,40.57762,-73.96137,POINT (-73.96137 40.57762),8323.77237542332,9.026990972183345
"Broad Channel (A,S)",199.0,Queens,40.608383,-73.815926,POINT (-73.815926 40.608383),209.79372278664732,5.350880038171875
"Broad St (J,Z)",107.0,Manhattan,40.706474,-74.011055,POINT (-74.011055 40.706474),4415.804608127721,8.393171774287467
Broadway (G),286.0,Brooklyn,40.706093,-73.95031,POINT (-73.95031 40.706093),3289.410696329814,8.098767667679777
"Broadway (N,W)",4.0,Queens,40.76182,-73.92551,POINT (-73.92551 40.76182),9029.284470246734,9.108339148710701
"Broadway Junction (A,C,J,L,Z)",621.0,Brooklyn,40.678333,-73.90532,POINT (-73.90532 40.678333),5483.081095791002,8.609604828280927
"Broadway-Lafayette St (B,D,F,M)/Bleecker St (6)",619.0,Manhattan,40.725914,-73.99466,POINT (-73.99466 40.725914),28776.85413642961,10.267361416731381
"Bronx Park East (2,5)",425.0,Bronx,40.848827,-73.868454,POINT (-73.868454 40.848827),1506.366533623609,7.318119389772182
Brook Av (6),376.0,Bronx,40.807568,-73.91924,POINT (-73.91924 40.807568),3443.1992622157713,8.144446721660152
"Brooklyn Bridge-City Hall (4,5,6)/Chambers St (J,Z)",622.0,Manhattan,40.71324,-74.0034,POINT (-74.0034 40.71324),20356.625302370583,9.921210828418529
"Bryant Pk (B,D,F,M)/5 Av (7)",609.0,Manhattan,40.754223,-73.981964,POINT (-73.981964 40.754223),39636.091376390905,10.587520609777782
Buhre Av (6),361.0,Bronx,40.84681,-73.832565,POINT (-73.832565 40.84681),2642.5662191582005,7.8798841251662655
"Burke Av (2,5)",422.0,Bronx,40.871357,-73.867165,POINT (-73.867165 40.871357),1720.819908079342,7.451137096521595
Burnside Av (4),384.0,Bronx,40.853455,-73.907684,POINT (-73.907684 40.853455),6012.663945331398,8.701789483259464
Bushwick Av-Aberdeen St (L),131.0,Brooklyn,40.68283,-73.90525,POINT (-73.90525 40.68283),1759.4578495403966,7.473329195985507
Canal St (1),325.0,Manhattan,40.722855,-74.00628,POINT (-74.00628 40.722855),4035.3002539912914,8.30308377265866
"Canal St (A,C,E)",169.0,Manhattan,40.720825,-74.005226,POINT (-74.005226 40.720825),13677.950229801645,9.523613450644463
"Canal St (J,N,Q,R,W,Z,6)",623.0,Manhattan,40.71953,-73.99989,POINT (-73.99989 40.71953),31553.216194968554,10.359462494380685
Canarsie-Rockaway Pkwy (L),138.0,Brooklyn,40.646652,-73.90185,POINT (-73.90185 40.646652),2112.861816642477,7.656271798467102
"Carroll St (F,G)",237.0,Brooklyn,40.6803,-73.99505,POINT (-73.99505 40.6803),8869.807631833577,9.090521123225557
Castle Hill Av (6),365.0,Bronx,40.834255,-73.85122,POINT (-73.85122 40.834255),3721.1751935171746,8.222063505819646
Cathedral Pkwy (110 St) (1),308.0,Manhattan,40.803967,-73.96685,POINT (-73.96685 40.803967),8882.613993710693,9.091963734465526
"Cathedral Pkwy (110 St) (C,B)",155.0,Manhattan,40.800602,-73.95816,POINT (-73.95816 40.800602),5360.755986937591,8.587046809915854
Central Av (M),114.0,Brooklyn,40.697857,-73.9274,POINT (-73.9274 40.697857),2828.179970972424,7.94774218574063
"Central Park North (110 St) (2,3)",441.0,Manhattan,40.799076,-73.95182,POINT (-73.95182 40.799076),4913.069182389937,8.499857631612452
"Chambers St (1,2,3)",327.0,Manhattan,40.715477,-74.00927,POINT (-74.00927 40.715477),13909.519351717465,9.540400620792564
"Chambers St (A,C)/WTC (E)/Park Pl (2,3)/Cortlandt (R,W)",624.0,Manhattan,40.71411,-74.00858,POINT (-74.00858 40.71411),45015.995706337686,10.714795379811486
"Chauncey St (J,Z)",93.0,Brooklyn,40.68289,-73.91045,POINT (-73.91045 40.68289),1906.6914610546687,7.5536491308894504
Christopher St-Sheridan Sq (1),323.0,Manhattan,40.73342,-74.00291,POINT (-74.00291 40.73342),8312.340953072086,9.025616847133913
"Church Av (2,5)",356.0,Brooklyn,40.650845,-73.94958,POINT (-73.94958 40.650845),6251.356797290759,8.74071375921732
"Church Av (B,Q)",44.0,Brooklyn,40.650528,-73.96298,POINT (-73.96298 40.650528),10076.118650217708,9.21802265257029
"Church Av (F,G)",243.0,Brooklyn,40.64404,-73.979675,POINT (-73.979675 40.64404),6645.110546686019,8.801787082343164
"City Hall (R,W)",20.0,Manhattan,40.713284,-74.00698,POINT (-74.00698 40.713284),4121.2459482341565,8.324153426879063
"Clark St (2,3)",334.0,Brooklyn,40.697468,-73.99309,POINT (-73.99309 40.697468),4925.591618287373,8.502402672623479
Classon Av (G),290.0,Brooklyn,40.688873,-73.96007,POINT (-73.96007 40.688873),4016.483006773101,8.298410867801378
Cleveland St (J),89.0,Brooklyn,40.679947,-73.884636,POINT (-73.884636 40.679947),1388.3049104983068,7.236558836661135
Clinton-Washington Avs (C),177.0,Brooklyn,40.68326,-73.965836,POINT (-73.965836 40.68326),5434.623669569424,8.600729543582712
Clinton-Washington Avs (G),291.0,Brooklyn,40.688087,-73.96684,POINT (-73.96684 40.688087),3930.4571843251088,8.276765420955154
"Coney Island-Stillwell Av (D,F,N,Q)",58.0,Brooklyn,40.577423,-73.98123,POINT (-73.98123 40.577423),9972.860425737785,9.207722992198025
Cortelyou Rd (Q),46.0,Brooklyn,40.640926,-73.96389,POINT (-73.96389 40.640926),4235.578374455733,8.351511235279917
"Court Sq (E,G,M,7)",606.0,Queens,40.747845,-73.94383,POINT (-73.94383 40.747845),18883.90590227383,9.846118252463974
"Court St (R)/Borough Hall (2,3,4,5)",620.0,Brooklyn,40.69322,-73.99,POINT (-73.99 40.69322),22325.478592162555,10.013528633883597
"Crescent St (J,Z)",87.0,Brooklyn,40.683193,-73.87379,POINT (-73.87379 40.683193),2326.4031809385583,7.752508410407836
"Crown Hts-Utica Av (3,4)",345.0,Brooklyn,40.668896,-73.932945,POINT (-73.932945 40.668896),16975.379958877602,9.739578242723788
Cypress Av (6),375.0,Bronx,40.805367,-73.91404,POINT (-73.91404 40.805367),1833.398282535075,7.514471795288936
Cypress Hills (J),86.0,Brooklyn,40.68994,-73.87255,POINT (-73.87255 40.68994),1018.8694363812289,6.927429894537348
"DeKalb Av (B,Q,R)",26.0,Brooklyn,40.690636,-73.98183,POINT (-73.98183 40.690636),15352.07039187228,9.639070758542044
DeKalb Av (L),127.0,Brooklyn,40.70381,-73.91843,POINT (-73.91843 40.70381),8873.354559748426,9.090920886036828
"Delancey St (F)/Essex St (J,M,Z)",625.0,Manhattan,40.718613,-73.987434,POINT (-73.987434 40.718613),20860.250907111757,9.945648693540708
Ditmas Av (F),244.0,Brooklyn,40.63612,-73.97817,POINT (-73.97817 40.63612),2993.049830672472,8.004382208352252
Dyckman St (1),299.0,Manhattan,40.86053,-73.92554,POINT (-73.92554 40.86053),4658.865445089502,8.446741852258503
Dyckman St (A),144.0,Manhattan,40.86549,-73.92727,POINT (-73.92727 40.86549),4287.628991291727,8.363722378395229
E 143 St-St Mary's St (6),374.0,Bronx,40.80872,-73.90765,POINT (-73.90765 40.80872),930.430091920658,6.836721138294207
E 149 St (6),373.0,Bronx,40.81212,-73.9041,POINT (-73.9041 40.81212),3062.890239477504,8.027440707594002
"E 180 St (2,5)",426.0,Bronx,40.841892,-73.87349,POINT (-73.87349 40.841892),5687.194363812288,8.646148141752342
East 105 St (L),137.0,Brooklyn,40.650574,-73.89948,POINT (-73.89948 40.650574),2036.4153362360912,7.619437291484115
East Broadway (F),234.0,Manhattan,40.713715,-73.99017,POINT (-73.99017 40.713715),10936.613449443637,9.299962903132636
Eastchester-Dyre Av (5),442.0,Bronx,40.8883,-73.83083,POINT (-73.83083 40.8883),2699.211961780358,7.90108555327421
"Eastern Pkwy-Brooklyn Museum (2,3)",341.0,Brooklyn,40.671986,-73.96438,POINT (-73.96438 40.671986),3380.917755200774,8.126198210771573
Elder Av (6),369.0,Bronx,40.828583,-73.87916,POINT (-73.87916 40.828583),3694.7695331398163,8.21494407506516
"Elmhurst Av (M,R)",266.0,Queens,40.742455,-73.88202,POINT (-73.88202 40.742455),8889.776306240929,9.092769648232135
"Euclid Av (A,C)",188.0,Brooklyn,40.675377,-73.87211,POINT (-73.87211 40.675377),7029.3310353168845,8.85798907264583
Far Rockaway-Mott Av (A),209.0,Queens,40.603996,-73.7554,POINT (-73.7554 40.603996),3065.5740203193036,8.028316263147223
"Flatbush Av-Brooklyn College (2,5)",359.0,Brooklyn,40.632835,-73.94764,POINT (-73.94764 40.632835),13072.468251088536,9.47834013110204
Flushing Av (G),287.0,Brooklyn,40.70038,-73.95023,POINT (-73.95023 40.70038),2241.8590348330913,7.7155066858368855
"Flushing Av (M,J)",98.0,Brooklyn,40.70026,-73.941124,POINT (-73.941124 40.70026),5355.54801644896,8.586075019808606
Flushing-Main St (7),447.0,Queens,40.7596,-73.83003,POINT (-73.83003 40.7596),44700.40626511853,10.707760240176569
Fordham Rd (4),382.0,Bronx,40.862804,-73.90103,POINT (-73.90103 40.862804),6240.19557329463,8.738927041295263
"Fordham Rd (B,D)",213.0,Bronx,40.861298,-73.89775,POINT (-73.89775 40.861298),6138.099238026125,8.722433306474578
Forest Av (M),110.0,Queens,40.704422,-73.903076,POINT (-73.903076 40.704422),3251.7649371069183,8.087260663520276
"Forest Hills-71 Av (E,F,M,R)",261.0,Queens,40.72169,-73.84452,POINT (-73.84452 40.72169),19062.964138848572,9.855555137684098
Fort Hamilton Pkwy (D),60.0,Brooklyn,40.640915,-73.9943,POINT (-73.9943 40.640915),2930.1602564102564,7.983153615575887
"Fort Hamilton Pkwy (F,G)",242.0,Brooklyn,40.650784,-73.97578,POINT (-73.97578 40.650784),4403.4136429608125,8.390362417809975
Fort Hamilton Pkwy (N),72.0,Brooklyn,40.631386,-74.00535,POINT (-74.00535 40.631386),4945.4779269472665,8.506431072395547
"Franklin Av (2,3,4,5)/Botanic Garden (S)",626.0,Brooklyn,40.67068,-73.95813,POINT (-73.95813 40.67068),10738.780781325593,9.281709956432342
"Franklin Av (C,S)",627.0,Brooklyn,40.68138,-73.95685,POINT (-73.95685 40.68138),3908.192368166425,8.271086076187737
Franklin St (1),326.0,Manhattan,40.71932,-74.00689,POINT (-74.00689 40.71932),4729.81706579584,8.461853207750991
"Freeman St (2,5)",429.0,Bronx,40.829994,-73.89187,POINT (-73.89187 40.829994),2699.229136429608,7.90109191373586
Fresh Pond Rd (M),109.0,Queens,40.706184,-73.895874,POINT (-73.895874 40.706184),4201.165336236091,8.343355227664686
"Fulton St (A,C,J,Z,2,3,4,5)",628.0,Manhattan,40.71037,-74.00657,POINT (-74.00657 40.71037),63320.64652878568,11.05598251695418
Fulton St (G),292.0,Brooklyn,40.68712,-73.97537,POINT (-73.97537 40.68712),4529.588292210934,8.418607075875471
"Gates Av (J,Z)",95.0,Brooklyn,40.68963,-73.92227,POINT (-73.92227 40.68963),4668.944484760523,8.448902462960705
Graham Av (L),122.0,Brooklyn,40.714565,-73.94405,POINT (-73.94405 40.714565),7105.981313497823,8.868832863514001
"Grand Army Plaza (2,3)",340.0,Brooklyn,40.675236,-73.97105,POINT (-73.97105 40.675236),5363.439042089985,8.587547090807837
"Grand Av-Newtown (M,R)",265.0,Queens,40.737015,-73.87722,POINT (-73.87722 40.737015),12980.769291243349,9.471301290001465
"Grand Central-42 St (S,4,5,6,7)",610.0,Manhattan,40.751778,-73.976845,POINT (-73.976845 40.751778),112565.49310595065,11.631299375856129
"Grand St (B,D)",231.0,Manhattan,40.718266,-73.99375,POINT (-73.99375 40.718266),17382.241775520077,9.76326190475864
Grand St (L),123.0,Brooklyn,40.711926,-73.94067,POINT (-73.94067 40.711926),4937.275822447993,8.504771525463035
Grant Av (A),189.0,Brooklyn,40.677044,-73.86505,POINT (-73.86505 40.677044),3866.1833575229803,8.26028170644466
Greenpoint Av (G),283.0,Brooklyn,40.731354,-73.95445,POINT (-73.95445 40.731354),7495.129898403484,8.922142152797392
"Gun Hill Rd (2,5)",421.0,Bronx,40.87785,-73.86626,POINT (-73.86626 40.87785),4025.5662191582005,8.300669236936256
Gun Hill Rd (5),444.0,Bronx,40.869526,-73.84638,POINT (-73.84638 40.869526),3085.451560232221,8.034777347634083
Halsey St (J),94.0,Brooklyn,40.68637,-73.91656,POINT (-73.91656 40.68637),3911.4040880503144,8.271907320311588
Halsey St (L),129.0,Queens,40.695602,-73.90408,POINT (-73.90408 40.695602),5460.994254958878,8.605569250213046
Harlem-148 St (3),436.0,Manhattan,40.82388,-73.93647,POINT (-73.93647 40.82388),2240.8828616352203,7.715071355003664
"Hewes St (M,J)",100.0,Brooklyn,40.70687,-73.95343,POINT (-73.95343 40.70687),1945.4238026124817,7.573749020439176
"High St (A,C)",173.0,Brooklyn,40.699337,-73.99053,POINT (-73.99053 40.699337),6920.523403483308,8.842391169395396
Houston St (1),324.0,Manhattan,40.728252,-74.00536,POINT (-74.00536 40.728252),10404.564223512338,9.250095963548066
Howard Beach-JFK Airport (A),198.0,Queens,40.660477,-73.8303,POINT (-73.8303 40.660477),2313.723693759071,7.747045604649288
"Hoyt St (2,3)",336.0,Brooklyn,40.690544,-73.98506,POINT (-73.98506 40.690544),5683.629051765844,8.645521153706724
"Hoyt-Schermerhorn Sts (A,C,G)",175.0,Brooklyn,40.688484,-73.985,POINT (-73.985 40.688484),8667.331216739236,9.067431573363594
Hunters Point Av (7),463.0,Queens,40.742214,-73.94891,POINT (-73.94891 40.742214),4007.24316642477,8.296108311189997
Hunts Point Av (6),371.0,Bronx,40.82095,-73.89055,POINT (-73.89055 40.82095),6638.904208998549,8.800852816010778
"Intervale Av (2,5)",431.0,Bronx,40.82218,-73.896736,POINT (-73.896736 40.82218),1852.2354257377842,7.524688269341754
Inwood-207 St (A),143.0,Manhattan,40.868073,-73.9199,POINT (-73.9199 40.868073),5839.652092404451,8.672597729247094
"Jackson Av (2,5)",433.0,Bronx,40.81649,-73.90781,POINT (-73.90781 40.81649),3122.3041243347843,8.04664673465343
"Jamaica Center-Parsons/Archer (E,J,Z)",278.0,Queens,40.70215,-73.80111,POINT (-73.80111 40.70215),21249.520440251574,9.964136665358613
Jamaica-179 St (F),254.0,Queens,40.712646,-73.78381,POINT (-73.78381 40.712646),14015.576681180455,9.547995956820376
Jamaica-Van Wyck (E),280.0,Queens,40.702564,-73.81686,POINT (-73.81686 40.702564),3365.096879535559,8.1215091561356
"Jay St-MetroTech (A,C,F,R)",636.0,Brooklyn,40.692337,-73.98594,POINT (-73.98594 40.692337),27337.588413159167,10.216054478116902
Jefferson St (L),126.0,Brooklyn,40.706608,-73.92291,POINT (-73.92291 40.706608),6129.923137397194,8.721100610968591
Junction Blvd (7),451.0,Queens,40.749146,-73.86953,POINT (-73.86953 40.749146),19820.2620343493,9.894510480647405
Junius St (3),349.0,Brooklyn,40.663513,-73.90245,POINT (-73.90245 40.663513),1625.1640058055154,7.3939791496003044
"Kew Gardens-Union Tpke (E,F)",259.0,Queens,40.71444,-73.83101,POINT (-73.83101 40.71444),17000.724661344946,9.741070068559932
"Kings Hwy (B,Q)",51.0,Brooklyn,40.60867,-73.95773,POINT (-73.95773 40.60867),14519.166908563137,9.583293783392826
Kings Hwy (F),250.0,Brooklyn,40.603218,-73.97236,POINT (-73.97236 40.603218),2588.8194847605228,7.8593434552609756
Kings Hwy (N),77.0,Brooklyn,40.603924,-73.980354,POINT (-73.980354 40.603924),4077.8130745041126,8.313561311963042
Kingsbridge Rd (4),381.0,Bronx,40.86776,-73.89717,POINT (-73.89717 40.86776),5749.886550556363,8.657109304611918
"Kingsbridge Rd (B,D)",212.0,Bronx,40.866978,-73.89351,POINT (-73.89351 40.866978),4024.570936139332,8.300422027281293
Kingston Av (3),344.0,Brooklyn,40.6694,-73.94216,POINT (-73.94216 40.6694),3181.817489114659,8.065522086371612
Kingston-Throop Avs (C),180.0,Brooklyn,40.67992,-73.94086,POINT (-73.94086 40.67992),4734.070512820513,8.46275189734045
Knickerbocker Av (M),113.0,Brooklyn,40.698666,-73.91971,POINT (-73.91971 40.698666),2889.460752298017,7.969171198259794
Kosciuszko St (J),96.0,Brooklyn,40.69334,-73.92882,POINT (-73.92882 40.69334),3923.294388001935,8.274941840297801
Lafayette Av (C),176.0,Brooklyn,40.68611,-73.973946,POINT (-73.973946 40.68611),3960.7804789550073,8.284448819099314
"Lexington Av (N,R,W)/59 St (4,5,6)",613.0,Manhattan,40.76266,-73.967255,POINT (-73.967255 40.76266),39358.41509433962,10.580490490647735
"Lexington Av-53 St (E,M)/51 St (6)",612.0,Manhattan,40.757553,-73.969055,POINT (-73.969055 40.757553),42574.43359941945,10.659032689845898
"Lexington Av/63 St (F,Q)",223.0,Manhattan,40.76463,-73.96611,POINT (-73.96611 40.76463),12368.148705853895,9.422960643766473
Liberty Av (C),185.0,Brooklyn,40.67454,-73.896545,POINT (-73.896545 40.67454),1682.9521649733915,7.428898788801077
Livonia Av (L),135.0,Brooklyn,40.66404,-73.90057,POINT (-73.90057 40.66404),1937.1797895500727,7.569504558813452
Longwood Av (6),372.0,Bronx,40.816105,-73.89644,POINT (-73.89644 40.816105),2259.832305273343,7.723488301138745
Lorimer St (L)/Metropolitan Av (G),629.0,Brooklyn,40.71406,-73.95027,POINT (-73.95027 40.71406),11482.827467343977,9.348695017385845
"Lorimer St (M,J)",99.0,Brooklyn,40.70387,-73.94741,POINT (-73.94741 40.70387),2869.982764876633,7.962409676925279
Marble Hill-225 St (1),296.0,Manhattan,40.87456,-73.90983,POINT (-73.90983 40.87456),3371.7978955007256,8.123497914944723
"Marcy Av (M,J,Z)",101.0,Brooklyn,40.70836,-73.957756,POINT (-73.957756 40.70836),9079.049467827768,9.113834919579151
Mets-Willets Point (7),448.0,Queens,40.754623,-73.84563,POINT (-73.84563 40.754623),4962.468795355588,8.509860129187325
Middle Village-Metropolitan Av (M),108.0,Queens,40.711395,-73.8896,POINT (-73.8896 40.711395),2986.818819545235,8.002298908385232
Middletown Rd (6),362.0,Bronx,40.843864,-73.83632,POINT (-73.83632 40.843864),1505.461840832124,7.317519028566264
Montrose Av (L),124.0,Brooklyn,40.70774,-73.93985,POINT (-73.93985 40.70774),5071.414429124335,8.531572201991256
Morgan Av (L),125.0,Brooklyn,40.706154,-73.93314,POINT (-73.93314 40.706154),5248.069424286405,8.56580608735771
Morris Park (5),446.0,Bronx,40.854362,-73.8605,POINT (-73.8605 40.854362),1864.0983309143687,7.531069055038905
Morrison Av-Soundview (6),368.0,Bronx,40.82952,-73.87452,POINT (-73.87452 40.82952),3705.942610062893,8.217962721526412
Mosholu Pkwy (4),379.0,Bronx,40.87975,-73.88466,POINT (-73.88466 40.87975),5111.977745524915,8.53953724254264
Mt Eden Av (4),386.0,Bronx,40.844433,-73.91469,POINT (-73.91469 40.844433),3081.6302007740687,8.03353847284041
"Myrtle Av (M,J,Z)",97.0,Brooklyn,40.69721,-73.93565,POINT (-73.93565 40.69721),8614.009675858731,9.061261272102286
Myrtle-Willoughby Avs (G),288.0,Brooklyn,40.69457,-73.94904,POINT (-73.94904 40.69457),3746.30152394775,8.228791266318765
"Myrtle-Wyckoff Avs (L,M)",630.0,Brooklyn,40.699814,-73.91158,POINT (-73.91158 40.699814),15786.93952588292,9.667001606390484
Nassau Av (G),284.0,Brooklyn,40.724636,-73.95128,POINT (-73.95128 40.724636),6954.9742332830565,8.847356171223934
Neck Rd (Q),53.0,Brooklyn,40.595245,-73.95516,POINT (-73.95516 40.595245),3245.563558297049,8.08535234923944
Neptune Av (F),253.0,Brooklyn,40.581013,-73.97457,POINT (-73.97457 40.581013),1180.0526124818578,7.074161364300642
"Nereid Av (2,5)",417.0,Bronx,40.89838,-73.85438,POINT (-73.85438 40.89838),1891.4056603773586,7.5456041348629395
"Nevins St (2,3,4,5)",337.0,Brooklyn,40.688248,-73.98049,POINT (-73.98049 40.688248),7209.720609579101,8.883324171134824
New Lots Av (3),352.0,Brooklyn,40.666237,-73.88408,POINT (-73.88408 40.666237),3646.568880019352,8.20181616439118
New Lots Av (L),136.0,Brooklyn,40.658733,-73.89923,POINT (-73.89923 40.658733),2384.396831156265,7.77712077571083
New Utrecht Av (N)/62 St (D),615.0,Brooklyn,40.626472,-73.99635,POINT (-73.99635 40.626472),3751.4654088050315,8.23016834529192
"Newkirk Av-Little Haiti (2,5)",358.0,Brooklyn,40.63997,-73.94841,POINT (-73.94841 40.63997),4822.976233671989,8.481353811709974
"Newkirk Plaza (B,Q)",47.0,Brooklyn,40.635082,-73.96279,POINT (-73.96279 40.635082),7258.5030237058545,8.890066651440751
"Northern Blvd (M,R)",269.0,Queens,40.752884,-73.906006,POINT (-73.906006 40.752884),4790.307510885341,8.474558619938216
"Norwood Av (J,Z)",88.0,Brooklyn,40.68141,-73.880035,POINT (-73.880035 40.68141),1548.5871432027093,7.345743815209315
Norwood-205 St (D),210.0,Bronx,40.87481,-73.87885,POINT (-73.87885 40.87481),4387.130684567005,8.386658603213945
Nostrand Av (3),343.0,Brooklyn,40.669846,-73.95046,POINT (-73.95046 40.669846),2555.3786284470243,7.846346937722023
"Nostrand Av (A,C)",179.0,Brooklyn,40.68044,-73.950424,POINT (-73.950424 40.68044),12318.264997581035,9.41891957602057
Ocean Pkwy (Q),56.0,Brooklyn,40.576313,-73.9685,POINT (-73.9685 40.576313),2278.6788824383166,7.73178987099363
Ozone Park-Lefferts Blvd (A),195.0,Queens,40.68595,-73.8258,POINT (-73.8258 40.68595),4610.596093372036,8.436329300227733
Park Pl (S),141.0,Brooklyn,40.67477,-73.95763,POINT (-73.95763 40.67477),1146.1518505079825,7.045037497650015
Parkchester (6),366.0,Bronx,40.833225,-73.86082,POINT (-73.86082 40.833225),10015.434869375908,9.211982509867008
Parkside Av (Q),43.0,Brooklyn,40.655293,-73.961494,POINT (-73.961494 40.655293),4463.658563134978,8.403948020764023
Parsons Blvd (F),256.0,Queens,40.707565,-73.80333,POINT (-73.80333 40.707565),5091.986090953073,8.535619595868324
Pelham Bay Park (6),360.0,Bronx,40.852463,-73.82812,POINT (-73.82812 40.852463),4094.668118045476,8.317685137568768
"Pelham Pkwy (2,5)",424.0,Bronx,40.857193,-73.867615,POINT (-73.867615 40.857193),5333.61072810837,8.581971195395823
Pelham Pkwy (5),445.0,Bronx,40.858986,-73.85536,POINT (-73.85536 40.858986),2093.033502660861,7.646847390662981
Pennsylvania Av (3),350.0,Brooklyn,40.664635,-73.8949,POINT (-73.8949 40.664635),2721.089380745041,7.909155019095908
"President St-Medgar Evers College (2,5)",353.0,Brooklyn,40.667885,-73.95068,POINT (-73.95068 40.667885),2549.2727987421385,7.843955612329409
"Prince St (R,W)",17.0,Manhattan,40.72433,-73.9977,POINT (-73.9977 40.72433),8492.151366715047,9.047015396147394
"Prospect Av (2,5)",432.0,Bronx,40.819584,-73.90177,POINT (-73.90177 40.819584),4109.270137880987,8.3212440323087
Prospect Av (R),30.0,Brooklyn,40.665413,-73.992874,POINT (-73.992874 40.665413),4406.090166908563,8.390969924562016
"Prospect Park (B,Q,S)",42.0,Brooklyn,40.661613,-73.96225,POINT (-73.96225 40.661613),6856.920295113691,8.833159510778847
"Queens Plaza (E,M,R)",273.0,Queens,40.748974,-73.93724,POINT (-73.93724 40.748974),13098.539852443155,9.48033238280462
"Queensboro Plaza (7,N,W)",461.0,Queens,40.750584,-73.9402,POINT (-73.9402 40.750584),10573.882377842283,9.266236881189954
Ralph Av (C),182.0,Brooklyn,40.67882,-73.920784,POINT (-73.920784 40.67882),3429.850749879052,8.140563541439835
Rector St (1),329.0,Manhattan,40.70751,-74.01379,POINT (-74.01379 40.70751),5365.829825834542,8.587992664171722
"Rector St (R,W)",22.0,Manhattan,40.70722,-74.01334,POINT (-74.01334 40.70722),4028.1090953072085,8.301300562339577
Rockaway Av (3),348.0,Brooklyn,40.662548,-73.90894,POINT (-73.90894 40.662548),2940.906023222061,7.986812957490775
Rockaway Av (C),183.0,Brooklyn,40.67834,-73.91195,POINT (-73.91195 40.67834),3677.054366231253,8.210139186520832
Rockaway Blvd (A),192.0,Queens,40.680428,-73.84386,POINT (-73.84386 40.680428),5091.325169327528,8.535489816500844
"Rockaway Park-Beach 116 St (A,S)",203.0,Queens,40.580902,-73.835594,POINT (-73.835594 40.580902),504.81894049346886,6.226178780141063
Roosevelt Island (F),222.0,Manhattan,40.759144,-73.95326,POINT (-73.95326 40.759144),5416.318698597001,8.59735626697087
Saratoga Av (3),347.0,Brooklyn,40.661453,-73.91633,POINT (-73.91633 40.661453),3154.7138364779876,8.056970005002384
Seneca Av (M),111.0,Queens,40.702763,-73.90774,POINT (-73.90774 40.702763),2105.812893081761,7.652931607336931
"Sheepshead Bay (B,Q)",54.0,Brooklyn,40.586895,-73.954155,POINT (-73.954155 40.586895),9700.038945331398,9.17998826652197
Shepherd Av (C),187.0,Brooklyn,40.67413,-73.88075,POINT (-73.88075 40.67413),1829.9980648282535,7.51261648778059
"Simpson St (2,5)",430.0,Bronx,40.824074,-73.89307,POINT (-73.89307 40.824074),4497.658260764392,8.411534467024026
"Smith-9 Sts (F,G)",238.0,Brooklyn,40.67358,-73.99596,POINT (-73.99596 40.67358),3113.835752298017,8.043931701837169
"South Ferry (1)/Whitehall St (R,W)",635.0,Manhattan,40.703087,-74.01299,POINT (-74.01299 40.703087),20708.272496371552,9.938336825639912
Spring St (6),409.0,Manhattan,40.7223,-73.99714,POINT (-73.99714 40.7223),8547.047472181905,9.053458170024681
"Spring St (C,E)",168.0,Manhattan,40.726227,-74.00374,POINT (-74.00374 40.726227),10598.882377842285,9.268598183608619
St George (SIR),501.0,Staten Island,40.64375,-74.07365,POINT (-74.07365 40.64375),7165.520500725689,8.87717552999208
St Lawrence Av (6),367.0,Bronx,40.83151,-73.867615,POINT (-73.867615 40.83151),2473.508405902274,7.813797031396587
"Steinway St (M,R)",271.0,Queens,40.756878,-73.92074,POINT (-73.92074 40.756878),8784.150943396226,9.08081818241966
"Sterling St (2,5)",354.0,Brooklyn,40.662743,-73.95085,POINT (-73.95085 40.662743),4067.6357039187233,8.311063014359542
Sutphin Blvd (F),257.0,Queens,40.70546,-73.81071,POINT (-73.81071 40.70546),2987.2230285437836,8.002434184880759
"Sutphin Blvd-Archer Av-JFK Airport (E,J,Z)",279.0,Queens,40.700485,-73.80797,POINT (-73.80797 40.700485),20143.235607160135,9.910673452361486
Sutter Av (L),134.0,Brooklyn,40.66937,-73.90198,POINT (-73.90198 40.66937),1726.8383526850507,7.454626399088456
Sutter Av-Rutland Rd (3),346.0,Brooklyn,40.66472,-73.92261,POINT (-73.92261 40.66472),4210.435413642961,8.345558821924412
"Times Sq-42 St (N,Q,R,W,S,1,2,3,7)/42 St (A,C,E)",611.0,Manhattan,40.75731,-73.986755,POINT (-73.986755 40.75731),140864.1037735849,11.855558000594764
Tompkinsville (SIR),502.0,Staten Island,40.636948,-74.07484,POINT (-74.07484 40.636948),465.4226536042574,6.145092205049402
"Tremont Av (B,D)",215.0,Bronx,40.85041,-73.90523,POINT (-73.90523 40.85041),4451.407716497339,8.401200288727203
Union St (R),28.0,Brooklyn,40.677315,-73.98311,POINT (-73.98311 40.677315),5532.907111756168,8.618649375196274
"Utica Av (A,C)",181.0,Brooklyn,40.679363,-73.93073,POINT (-73.93073 40.679363),9306.330672472182,9.138557612991772
Van Cortlandt Park-242 St (1),293.0,Bronx,40.889248,-73.89858,POINT (-73.89858 40.889248),4830.149733913885,8.48283975846736
Van Siclen Av (3),351.0,Brooklyn,40.665447,-73.8894,POINT (-73.8894 40.665447),1624.314344460571,7.39345651880117
Van Siclen Av (C),186.0,Brooklyn,40.67271,-73.89036,POINT (-73.89036 40.67271),1788.4563376874696,7.489667130739637
"Van Siclen Av (J,Z)",90.0,Brooklyn,40.678024,-73.891685,POINT (-73.891685 40.678024),1702.305273343009,7.440325920818417
Vernon Blvd-Jackson Av (7),464.0,Queens,40.742626,-73.95358,POINT (-73.95358 40.742626),12553.255684567004,9.437814985450943
"W 4 St-Wash Sq (A,C,E,B,D,F,M)",167.0,Manhattan,40.732338,-74.000496,POINT (-74.000496 40.732338),31019.428640541846,10.342401254834344
"W 8 St-NY Aquarium (F,Q)",57.0,Brooklyn,40.576126,-73.97594,POINT (-73.97594 40.576126),1853.9033018867926,7.52558784531989
WTC Cortlandt (1),328.0,Manhattan,40.711834,-74.01219,POINT (-74.01219 40.711834),11500.406144170294,9.35022458028267
Wakefield-241 St (2),416.0,Bronx,40.903126,-73.85062,POINT (-73.85062 40.903126),2810.3957426221577,7.941436344569905
"Wall St (2,3)",333.0,Manhattan,40.70682,-74.0091,POINT (-74.0091 40.70682),14290.07740686986,9.56739066394392
"Wall St (4,5)",413.0,Manhattan,40.707558,-74.01186,POINT (-74.01186 40.707558),12426.290820029028,9.427650205803754
"West Farms Sq-E Tremont Av (2,5)",427.0,Bronx,40.840294,-73.88005,POINT (-73.88005 40.840294),3228.187953555878,8.079985977040682
Westchester Sq-E Tremont Av (6),363.0,Bronx,40.839893,-73.84295,POINT (-73.84295 40.839893),2566.65336236091,7.85074767219444
Whitlock Av (6),370.0,Bronx,40.826527,-73.886284,POINT (-73.886284 40.826527),1227.233006773101,7.11333183563703
Wilson Av (L),130.0,Brooklyn,40.688763,-73.904045,POINT (-73.904045 40.688763),3053.686925495888,8.02443238697491
"Winthrop St (2,5)",355.0,Brooklyn,40.65665,-73.9502,POINT (-73.9502 40.65665),5575.9863933236575,8.626403836602403
"Woodhaven Blvd (J,Z)",83.0,Queens,40.69388,-73.85158,POINT (-73.85158 40.69388),1969.6578374455735,7.586122693627956
"Woodhaven Blvd (M,R)",264.0,Queens,40.733105,-73.86923,POINT (-73.86923 40.733105),13554.898403483308,9.51457703811958
Woodlawn (4),378.0,Bronx,40.886036,-73.87875,POINT (-73.87875 40.886036),4368.079583938074,8.38230764438134
York St (F),235.0,Brooklyn,40.701397,-73.98675,POINT (-73.98675 40.701397),10216.078072085147,9.231815919952572
Zerega Av (6),364.0,Bronx,40.836487,-73.84704,POINT (-73.84704 40.836487),1713.3037614900823,7.446762307195291
